<?xml version="1.0" encoding="UTF-8" ?>
<extension key="nz.co.fuzion.paystation" type="payment">
  <downloadUrl>https://github.com/downloads/eileenmcnaughton/nz.co.fuzion.paystation/nz.co.fuzion.paystation.zip</downloadUrl>
  <file>Paystation</file>
  <name>Paystation</name>
  <description>Paystation Payment Processor (written by Elliot Pahl - Catalyst IT Limited)</description>
  <urls>
    <url desc="Main Extension Page"></url>
    <url desc="Documentation"></url>
    <url desc="Support"></url>
    <url desc="Licensing"></url>
  </urls>
  <license>AGPL</license>
  <maintainer>
    <author>Eileen McNaughton</author>
    <email>eileen@fuzion.co.nz</email>
  </maintainer>
  <releaseDate>2012-02-13</releaseDate>
  <version>1.0</version>
  <develStage>live</develStage>
  <compatibility><ver>4.0</ver></compatibility>
  <comments></comments>
  <typeInfo>
    <userNameLabel>Paystation ID</userNameLabel>
    <passwordLabel>Gateway ID</passwordLabel>
    <signatureLabel></signatureLabel>
    <subjectLabel></subjectLabel>
    <urlSiteDefault>https://www.paystation.co.nz/direct/paystation.dll%27</urlSiteDefault>
    <urlApiDefault>https://www.paystation.co.nz/lookup/quick/%27</urlApiDefault>
    <urlRecurDefault></urlRecurDefault>
    <urlSiteTestDefault>https://www.paystation.co.nz/direct/paystation.dll%27</urlSiteTestDefault>
    <urlApiTestDefault>https://www.paystation.co.nz/lookup/quick/%27</urlApiTestDefault>
    <urlRecurTestDefault></urlRecurTestDefault>
    <urlButtonDefault></urlButtonDefault>
    <urlButtonTestDefault></urlButtonTestDefault>
    <billingMode>notify</billingMode>
    <isRecur>0</isRecur>
    <paymentType>1</paymentType>
  </typeInfo>
</extension> 